{
  "num_runs": 30,
  "pop_size": 50,
  "max_iter": 500,
  "archive_size": 100,
  "baseline": {
    "f1": 7.213761579913789,
    "f2": 12.637687366167023,
    "f3": 17540.0
  },
  "combined_pareto_size": 406,
  "hv_stats": {
    "mean": 1785802.7453448547,
    "std": 27830.566384913862,
    "min": 1702705.1693462913,
    "max": 1815580.1403639517
  },
  "best_f1": [
    7.185700232001456,
    10.743559718969555,
    16280.0
  ],
  "best_f2": [
    7.506652474720596,
    2.379200697107125,
    8664.0
  ],
  "best_f3": [
    7.257249757515856,
    9.36112412177986,
    0.0
  ]
}